,BCU,15C_average,15C_h08_gfdl-esm4,15C_h08_ipsl-cm6a-lr,15C_h08_mpi-esm1-2-hr,15C_h08_mri-esm2-0,15C_h08_ukesm1-0-ll,3C_average,3C_h08_gfdl-esm4,3C_h08_ipsl-cm6a-lr,3C_h08_mpi-esm1-2-hr,3C_h08_mri-esm2-0,3C_h08_ukesm1-0-ll,baseline
0,1|AFR,-0.123129181718,-0.208336354568,-0.13075210024,-0.0939852450892,-0.124215507114,-0.0583566948335,-0.11694055686,-0.176492049522,-0.110061846973,-0.0701187536197,-0.152055528449,-0.0759746004896,-0.120319689035
1,2|AFR,-0.1949232714,-0.0847144580312,-0.150266486587,-0.216543695163,-0.246214598023,-0.276877107539,-0.164205552004,-0.137325357377,-0.0427810176388,-0.168624432425,-0.224106601969,-0.248190347931,-0.167495823627
2,3|AFR,-0.000849290616785,-0.000608297028521,-0.00116396370868,-0.000727063837985,-0.000956361151637,-0.000790767408034,-0.000628871359368,-0.000720499090676,-0.000837816558487,-0.000756553243264,-0.000305144666527,-0.000524343158759,-0.00116728720604
3,4|AFR,-0.00281612398976,-0.00239640107247,-0.00292957283091,-0.00292817971786,-0.00292544258991,-0.00290102316649,-0.00250079197576,-0.0020861603698,-0.00262507654588,-0.00282137109025,-0.0021541976821,-0.00281715400342,-0.00292957283091
4,5|AFR,-0.101330594896,-0.125973096262,-0.108458007406,-0.123874661913,-0.120407558965,-0.0279396422895,-0.100561164776,-0.125778713819,-0.118192977206,-0.067162062604,-0.113469936307,-0.0782021265754,-0.112212565765
5,6|AFR,-0.00444144853282,-0.00260801509967,-0.00184872429623,-0.00351114935506,-0.00630559799538,-0.00793375584499,-0.00585873097009,-0.00561553442446,-0.000299193864862,-0.00201414051844,-0.00660461172583,-0.0147601743947,-0.00248468848952
6,7|AFR,-0.0845351898117,-0.0885415174671,-0.0856841276254,-0.0771499746979,-0.094397104398,-0.0769032342023,-0.0881097041389,-0.113186864502,-0.0863668179009,-0.0884601025728,-0.0778451295737,-0.0746896013488,-0.0703255016415
7,8|AFR,-0.000781174996519,-0.00103112717625,-0.00076171301771,-0.00136203569127,-0.000750999141019,0.0,-0.000969192838284,-0.00333325212159,-0.00076171301771,-0.000750999141019,0.0,0.0,0.0
8,13|AFR,-0.000557445119284,-0.000745350698708,-0.000903755211766,-0.000391324330849,-0.000682841338858,-6.39540066913e-05,-0.000765414036778,-0.00103335413041,-0.000795504939106,-0.00177850805812,-0.000160111960213,-5.95910678385e-05,-0.000415519174567
9,38|AFR,-0.00870227941596,-0.0121205870155,-0.00900278998415,-0.0100754152372,-0.00994211047328,-0.00237049504904,-0.00958308989527,-0.0167783028164,-0.0080799537036,-0.0080519915482,-0.0125129592243,-0.00249224237996,-0.00857306100988
10,57|AFR,-0.000647784261218,-0.000884241301719,-0.000778847582296,-0.00108210957933,-0.000428194392043,-6.55284220556e-05,-0.000626402608191,-0.00164458676318,-0.00115559275582,-0.000155492306476,-0.000176341161932,0.0,-0.000383254984627
11,78|AFR,-0.529465854223,-0.286874573443,-0.888047718072,-0.740003149466,-0.383885785312,-0.34851802858,-0.405706398898,-0.581310511546,-0.673066727782,-0.30535329227,-0.227256978104,-0.241544483986,-0.813161757834
12,80|AFR,-0.612368122591,-0.526010913577,-0.428589774194,-0.765437620348,-0.498382887909,-0.843419454509,-0.602445614779,-0.706303089984,-0.299360665304,-0.802598565747,-0.552819607727,-0.65114616238,-0.490993787465
13,82|AFR,-0.180780554383,-0.225212471343,-0.203390543895,-0.073746192018,-0.120073933169,-0.281479630479,-0.112859917092,-0.100232253578,-0.0931140816283,-0.0912206229805,-0.116339377648,-0.163393256003,-0.083576750003
14,92|AFR,-0.000335112425091,-0.000635103915101,0.0,-0.000592338507886,-0.000385351617297,-6.27680929028e-05,-0.000466647882376,-0.000813803043457,0.0,-0.000548097985302,-0.000414436867686,-0.000556901493837,-0.000390743972275
15,95|AFR,-0.976473456412,-0.728280771256,-1.16787887286,-1.04211998717,-0.998904107342,-0.94518353116,-0.832833140789,-1.08676584423,-0.990914492505,-0.661351670649,-0.718519030448,-0.706614609682,-1.17129767529
16,96|AFR,-0.185069622535,-0.10165158793,-0.217145273913,-0.266095925923,-0.200694181266,-0.13976116023,-0.147111707607,-0.171960492095,-0.126087093573,-0.136615953101,-0.15888654898,-0.14200845235,-0.189234052667
17,107|AFR,-0.455823252932,-0.382328453343,-0.262292937055,-0.450895856111,-0.519777799789,-0.663821222356,-0.509621550686,-0.576356329217,-0.196064860183,-0.484012447201,-0.564939474484,-0.7267346091,-0.293093931417
18,121|AFR,-0.248395514545,-0.210909919988,-0.286910901261,-0.293131672023,-0.322978614018,-0.128046479483,-0.216713199943,-0.244235204211,-0.224682684016,-0.199732334688,-0.219553705852,-0.195362053168,-0.307905609014
19,129|AFR,-0.181874843461,-0.180412430334,-0.180568379275,-0.175895279718,-0.19028183613,-0.182216276114,-0.181830350678,-0.186264172978,-0.182626932924,-0.182018805779,-0.175820146965,-0.182421687676,-0.178357999946
20,130|AFR,-0.226228725135,-0.229711518728,-0.270311547052,-0.210919479341,-0.33182815366,-0.0883729165143,-0.231538741632,-0.239896444418,-0.253834677318,-0.163839920588,-0.338225949405,-0.161896702486,-0.258397141773
21,135|AFR,-0.686600369691,-0.610467725817,-0.6455817669,-0.716971488157,-0.719225787378,-0.740755102539,-0.754979329515,-0.771877997098,-0.683227198038,-0.8412552892,-0.724740930415,-0.753795206841,-0.653896585738
22,136|AFR,-0.620694498493,-0.666384289274,-0.601524477743,-0.61475342507,-0.571227786163,-0.649582494167,-0.671618282451,-0.739445193321,-0.610126673535,-0.70203341858,-0.609866076493,-0.696620035713,-0.634367772785
23,158|AFR,-0.0790594186301,-0.0672101308064,-0.0796108277464,-0.0914164111546,-0.0767290623808,-0.0803306665894,-0.065491465286,-0.122105839313,-0.0720026276631,-0.0229726094603,-0.055737268518,-0.0546389721003,-0.0738631425429
24,161|AFR,-0.315393842428,-0.184782392864,-0.225659057928,-0.329518433963,-0.371683580634,-0.465325772607,-0.341462198275,-0.242146553991,-0.121248228325,-0.28873599191,-0.434440805636,-0.620739420992,-0.237167963662
25,11|CHN,-1.19338017118,-1.16851377175,-1.18658441003,-0.990571154025,-1.76676133855,-0.854470174975,-1.25412064413,-1.64415291238,-1.58993644718,-1.37835721724,-0.501539228408,-1.15661745118,-0.994198901807
26,35|CHN,-5.03765018603,-4.28229687965,-2.76754714537,-6.98792084632,-6.24558092863,-4.90490502433,-5.57603363731,-4.79141067306,-5.39144890872,-5.70668646286,-6.45251493357,-5.53810719494,-3.91866139718
27,53|CHN,-0.00636401405472,-0.0100937778107,-0.00284174131957,-0.00906772810595,-0.00521079965802,-0.00460602339081,-0.00462256135643,-0.00861047254148,-0.00152413649266,-0.00716632056537,-0.0022944074226,-0.00351746968772,-0.00357855000857
28,54|CHN,-1.38281515128,-1.24516171613,-1.4580692525,-1.70974028779,-1.36494384485,-1.13616076812,-1.41352195339,-1.21507652706,-1.67285070251,-1.66284968273,-1.35803794073,-1.1587949665,-1.32920564172
29,60|CHN,0.0,0.0,0.0,0.0,0.0,0.0,-0.00179246801417,0.0,-0.00896234018728,0.0,0.0,0.0,0.0
30,61|CHN,-0.382558186742,-0.388297922022,-0.327201032502,-0.341154827889,-0.443447634156,-0.412689505023,-0.458287549427,-0.452539234888,-0.462533446203,-0.470648641885,-0.449121750813,-0.456594680698,-0.263987732746
31,62|CHN,-4.70146932869,-4.43318464032,-3.69684424158,-6.36445704269,-5.18032099341,-3.83253965028,-4.77073648827,-4.76211739593,-5.5034032275,-5.03524897787,-4.6413849132,-3.91152777806,-4.53310039296
32,67|CHN,-4.16198151925e-05,-8.10627693681e-05,-3.20581816595e-05,0.0,0.0,-9.49781237978e-05,-5.25032563985e-05,-7.91094571468e-05,-4.66199344373e-05,-1.66978097695e-05,0.0,-0.00012008908152,-0.000106268774744
33,70|CHN,-0.0068821113091,-0.00720229733997,-0.00611394999214,-0.00448591999157,-0.00688006074051,-0.00972832849766,-0.0101034706563,-0.00820276655213,-0.0125836302577,-0.00319387913987,-0.0202538430276,-0.00628323380806,-0.00116057106243
34,77|CHN,-0.626162953397,-0.618004608754,-0.63365215213,-0.642806222702,-0.684231496082,-0.552120339821,-0.626284745201,-0.53272498502,-0.777848388345,-0.751016590251,-0.626277321688,-0.443556422455,-0.589462789732
35,88|CHN,-0.0199362483254,-0.0202841441642,-0.0185678140924,-0.0136576337718,-0.0271306432769,-0.0200410061661,-0.0297745938369,-0.0367078504569,-0.032840844302,-0.0226772379356,-0.0303440360149,-0.0263030022033,-0.0169147372289
36,98|CHN,-2.26637723214,-3.01950310003,-1.84514342789,-1.63917591212,-2.83153046017,-1.99653328071,-2.39623923841,-2.93892522094,-2.8902769614,-2.32360376451,-1.67768133327,-2.15070889093,-2.05859577723
37,105|CHN,-0.0196847105763,-0.0130993454877,-0.0193620372647,-0.0263084323524,-0.0203969139257,-0.019256823427,-0.0156833043811,-0.00985563072209,-0.0161574988742,-0.023748471951,-0.0129506321855,-0.0157042884675,-0.0148448370674
38,118|CHN,-1.17958879855e-05,-1.21058874356e-05,-2.34367762459e-05,-2.34367762459e-05,0.0,0.0,-4.39286509391e-06,-2.19643252422e-05,0.0,0.0,0.0,0.0,0.0
39,123|CHN,-0.00891268985288,-0.000757549365517,-0.00795113463755,-0.0213369327612,-0.00618982737069,-0.00832800559874,-0.00865738496941,-0.000281229120446,-0.0121307205263,-0.0139319648733,-0.00120447939844,-0.0157385316852,-0.00151964910037
40,148|CHN,-2.37649981905,-2.14420643049,-2.0400293923,-3.16178735466,-2.32564455243,-2.21083129818,-2.49683491679,-1.93733283219,-2.0046401989,-3.55233210751,-2.53233126179,-2.45753817628,-2.02603563382
41,159|CHN,-4.72740457872,-2.23685526559,-3.15892800405,-5.16457317891,-6.83021195518,-6.2464544923,-5.19055075896,-3.09473335477,-5.18481526888,-4.74225905127,-6.36586003903,-6.5650860905,-3.24871954654
42,162|CHN,-7.90521192652,-10.4099376724,-5.09749674029,-10.1084223655,-7.67545547052,-6.23474715976,-9.4361182728,-14.5399105556,-9.45598064528,-9.14538484531,-5.83742934728,-8.20188612748,-7.79674080292
43,0|EEU,-0.132996571669,-0.127988060878,-0.0963433551151,-0.167765838043,-0.157194633175,-0.115690972088,-0.180508895915,-0.221784067631,-0.22722589178,-0.216754775571,-0.0659294408179,-0.170850314134,-0.071772002193
44,39|EEU,-0.107644650479,-0.0560706711694,-0.0936473352485,-0.0994341389596,-0.161124119171,-0.127946987996,-0.174167932875,-0.193067017513,-0.150509576168,-0.24027916223,-0.0591198448747,-0.22786406384,-0.0487544943148
45,48|EEU,-0.00207512035558,0.0,0.0,-0.00200820085593,-0.00252928660484,-0.00583811447723,-0.00528746647615,-0.00692924053874,-0.00327576353448,-0.00412241829326,-0.00808529125061,-0.00402461900376,0.0
46,106|EEU,-0.0200956434865,0.0,-0.00251109975204,-0.022208247552,-0.0260516246963,-0.0497072468133,-0.0502713225424,-0.0323111827113,-0.0173788224929,-0.0409522786715,-0.0181028808965,-0.142611447511,-0.00465548320062
47,10|FSU,-12.3743416809,-12.981957078,-12.5313327118,-12.0146052566,-12.6126196865,-11.731194261,-12.4298860396,-11.9452569303,-12.9675722364,-12.8123445018,-12.6461209329,-11.7781353813,-12.5339834164
48,11|FSU,-0.00776422634215,-0.00269603895231,-0.00513902008242,-0.0101199307519,-0.0121105190728,-0.0087556227536,-0.00843529680844,-0.000600262440457,-0.00641322723004,-0.0115357857576,-0.00429405346767,-0.0193331554009,-0.00188437315774
49,23|FSU,-0.0017600642941,-0.00303044494012,-0.000938014937674,-0.00214714248978,0.0,-0.00268471914023,-0.00213645640611,-0.00201147667121,-0.00194295212441,-0.00286902099197,-0.000786419376709,-0.00307241283917,-0.000205072003155
50,25|FSU,-0.0835811578272,-0.0917913117155,-0.064956451999,-0.0808285516832,-0.0796348307122,-0.100694642286,-0.215201608138,-0.288210009181,-0.194295404726,-0.213621011644,-0.152249304199,-0.227632311289,-0.0475559543302
51,26|FSU,-0.00110231556391,-0.000965068778896,-0.00124628678896,-0.00126915823057,-0.00203106387926,0.0,-0.00106990582935,-0.00201246226425,-0.00228046128905,-0.000997803654172,-5.88020593568e-05,0.0,-0.00214885699097
52,30|FSU,-10.4082471344,-10.8539491685,-10.5713957589,-9.97361204732,-10.8072306501,-9.83504778383,-10.785761932,-10.432552178,-11.4052950608,-11.0251520266,-10.9375479224,-10.1282625601,-10.5395847514
53,31|FSU,-0.999728940069,-1.0816142234,-0.995151849082,-0.924652035839,-1.10431477636,-0.892911928166,-1.08408684288,-1.13012654469,-1.10756413637,-1.13422155725,-1.01493590387,-1.03358604613,-0.942301088184
54,39|FSU,-0.0114532528532,-0.0085420915857,-0.00339126563631,-0.012394153513,-0.0149869619054,-0.017951792106,-0.0197704548277,-0.0380347337923,-0.0155453381594,-0.0151923466474,-0.00537452942081,-0.0247053265921,-0.000541546847671
55,42|FSU,-0.0432336666368,-0.0224970436666,-0.0598270476912,-0.0143713240848,-0.0442956651386,-0.0751772508393,-0.103251813399,-0.136577278361,-0.0284896815938,-0.0788806185383,-0.0331206222691,-0.239190872753,-0.0306575006937
56,43|FSU,-0.0365849927839,-0.0103842202734,-0.0303312296164,-0.0111011090339,-0.0781358761014,-0.0529725286251,-0.0696176874699,-0.125351071852,-0.0506186185376,-0.0413309699616,-0.0353673225909,-0.0954204501832,-0.00377656752244
57,44|FSU,-0.0444176103788,-0.0402192712972,-0.0572856447834,-0.0314280222738,-0.0395616713995,-0.053593443823,-0.104628365167,-0.142659586127,-0.0812136109162,-0.0915537140281,-0.0463047588783,-0.161410163477,-0.0449395452733
58,51|FSU,-0.00125447056632,-0.000698947783349,-0.000361379876267,-0.000177696676474,-0.000116381472253,-0.00491794701884,-0.00257418075967,-0.0010775842602,-0.000314971490297,-0.000570976475501,-0.0032094234366,-0.00769794802363,-0.00010252676293
59,54|FSU,-8.65533556862e-05,-3.36146622431e-05,-0.000102925107058,-8.04190713097e-05,-0.000102545373011,-0.000113262565719,-6.84374185767e-05,-8.05321324151e-05,-0.000112798819828,0.0,-7.13939734851e-05,-7.7462180343e-05,-0.000123516012536
60,74|FSU,-3.64287270713e-05,0.0,0.0,-0.000182143638085,0.0,0.0,-3.15698234772e-05,-0.000157849106472,0.0,0.0,0.0,0.0,0.0
61,77|FSU,-0.195739593988,-0.199167846176,-0.188149550861,-0.221169180331,-0.234361749926,-0.135849628351,-0.160887787007,-0.129584971874,-0.204032874456,-0.215265383209,-0.151902436088,-0.103653269936,-0.161139028223
62,79|FSU,-0.000183736822805,-0.000106156414859,-0.000161811022167,-7.16845261195e-05,-0.000306715963234,-0.000272316201517,-8.95954290172e-05,0.0,-0.000149294650328,-0.000129152442241,-0.000109898135634,-5.9631912336e-05,-0.000386579996302
63,105|FSU,-0.130696170746,-0.15693910185,-0.157159025578,-0.119292916815,-0.163219437112,-0.0568703743803,-0.0999721483906,-0.0774219648347,-0.162803592607,-0.166372513293,-0.0558998673055,-0.0373628025509,-0.0843698401768
64,106|FSU,-0.00801482025827,-0.00218862311885,-0.00331046825158,-0.000829811731819,-0.0112122581122,-0.0225329406367,-0.021300487846,-0.0200775085541,-0.00624868368322,-0.0091674846517,-0.00692471329057,-0.0640840510459,-0.0120288580256
65,123|FSU,-0.000240107506215,-0.000328411215378,-0.000104516293504,-0.000116132270705,-0.000548729787624,-0.000102747935671,-0.000290789662813,-0.000107076397398,-0.000249789743975,-0.000493084595291,-6.66273117531e-05,-0.000537370206075,0.0
66,127|FSU,-4.57034212786e-05,-7.14538846296e-05,-6.31257134955e-05,-3.08118060275e-05,0.0,-6.31257134955e-05,-0.000281557677454,-0.000274609259577,-0.000417388143433,-0.000171903107002,-0.000169375719452,-0.000374512163944,0.0
67,131|FSU,0.0,0.0,0.0,0.0,0.0,0.0,0.0,0.0,0.0,0.0,0.0,0.0,0.0
68,132|FSU,-0.000118439875223,-0.000129691271468,0.0,-6.56537686154e-05,0.0,-0.000396854334213,-0.00028306588797,-0.000253018593867,0.0,-0.000802107625532,-0.000200750582735,-0.000159452612934,0.0
69,146|FSU,-9.88848259232,-10.6369966254,-10.1404841451,-9.55357250196,-10.3194372312,-8.79192273278,-9.60637014301,-8.46983432474,-10.2391542101,-10.4934314422,-9.78147268727,-9.04795837501,-9.85546843475
70,148|FSU,-0.000766251869209,-0.00297699651128,0.0,-0.000129693995405,-0.00068486649252,-3.9702252252e-05,-0.000345812040905,0.0,0.0,-0.00168935796682,-3.9702252252e-05,0.0,-0.000145171201439
71,154|FSU,-0.386643799625,-0.473855653468,-0.435967096726,-0.340275843437,-0.374471817355,-0.308648573068,-0.468081839065,-0.599529079759,-0.512038573934,-0.45570869048,-0.33465338419,-0.438479453775,-0.386185602797
72,157|FSU,-0.402025992789,-0.42531464717,-0.416450235651,-0.381574784658,-0.362001448499,-0.424788853089,-0.446339821935,-0.528619273668,-0.421144217041,-0.426873978865,-0.373612114966,-0.481449544479,-0.391244364694
73,160|FSU,-0.00834856611715,-0.00425982883462,-0.00816766308662,-0.00884980504134,-0.0158660114303,-0.00459952118717,-0.00677593843042,-0.00695463283228,-0.00612966247445,-0.012247599116,-0.00458657844501,-0.00396121906033,-0.00782562880408
74,9|LAM,-0.113341733041,-0.137218129305,-0.107339444281,-0.120612497444,-0.126905636532,-0.0746329508684,-0.14478185911,-0.161736368141,-0.110897061157,-0.207618661109,-0.109977366319,-0.133679858255,-0.0735115486332
75,27|LAM,-0.527992190127,-0.529795853517,-0.549087588556,-0.524087455182,-0.528201849185,-0.508788215018,-0.541178523335,-0.543081162803,-0.541059822712,-0.541050419408,-0.564952850724,-0.515748347351,-0.56066682948
76,28|LAM,-0.387548655686,-0.297860523278,-0.180302613415,-0.542573909021,-0.509557907237,-0.407448330341,-0.563636021827,-0.322462847864,-0.639081528177,-0.813461639395,-0.496666094725,-0.546507988765,-0.20595002269
77,29|LAM,-0.616207602029,-0.471673186003,-0.587806324984,-0.432221391398,-0.859498532736,-0.729838551299,-0.843154786284,-0.639623948686,-0.990810535033,-0.838765645396,-0.75194025712,-0.994633596645,-0.600783814472
78,32|LAM,-1.27717994156,-1.41896787044,-1.04663916739,-1.47633208176,-1.46565912746,-0.978301442377,-1.60814111709,-1.68204464256,-1.48845680828,-1.8473847455,-1.74600628208,-1.2768129933,-1.17485510273
79,33|LAM,-5.51717222958,-5.38938000279,-5.34046496045,-6.06518504605,-5.35169277792,-5.4391383044,-6.37405383776,-7.06592068108,-5.78210491504,-6.93956406409,-6.58951157659,-5.49316802792,-5.9960992191
80,37|LAM,-0.10668799658,-0.0867504316266,-0.0815228517167,-0.0790606864612,-0.194232102484,-0.0918739092303,-0.0860228249221,-0.0901513525168,-0.0780107152823,-0.0802421088156,-0.0900279707275,-0.0916819688573,-0.0887167015026
81,46|LAM,-0.152205416684,-0.155830217292,-0.201020013032,-0.153007249701,-0.0659497112792,-0.185219898431,-0.183518302463,-0.207812429377,-0.210127692796,-0.156832525852,-0.205561700197,-0.137257149667,-0.154562723037
82,75|LAM,-0.542907482561,-0.476915807937,-0.573811741176,-0.484641351084,-0.592529228194,-0.586639268691,-0.690842866083,-0.897430154703,-0.712379534213,-0.696772413873,-0.526306046832,-0.621326169114,-0.413561084121
83,76|LAM,-0.0602564258531,-0.0580095377113,-0.0418293678126,-0.056284686546,-0.072788366982,-0.0723701688071,-0.0640958483,-0.0722521368095,-0.0471274127008,-0.048567592572,-0.0730020448718,-0.0795300568752,-0.0670500663691
84,83|LAM,-0.00992675396992,-0.0286398397293,-0.00370157195721,-0.0030160814058,-0.0093956199853,-0.00488065654645,-0.0246278530403,-0.0408491808521,-0.058148272874,-0.0108895316662,-0.000283315603156,-0.0129689646274,-0.00708061718615
85,84|LAM,-0.48213211853,-0.504156374614,-0.464966659689,-0.420010027398,-0.435267809029,-0.586259714233,-0.499783287853,-0.611995265077,-0.608616515887,-0.404324659798,-0.42124794039,-0.452732045213,-0.390043855758
86,93|LAM,-0.281100731727,-0.272421201506,-0.283783506174,-0.291551477391,-0.28695458318,-0.27079287421,-0.291681686844,-0.314610982574,-0.287953009523,-0.284481934744,-0.304122203719,-0.267240335116,-0.277645565186
87,97|LAM,-1.1291745194,-1.1135388464,-1.17185908591,-1.10682847242,-1.1171904095,-1.13645599296,-1.09134710107,-1.04000679534,-1.09219994023,-1.07788458704,-1.13386941352,-1.11277467962,-1.17785338023
88,99|LAM,-0.000252721811194,-0.000350286958565,-0.000132830755319,-0.00021023437148,-6.68748325552e-05,-0.000503382143506,-0.000656146737356,-0.000745408979128,-0.000968424210441,-0.000335368120432,0.0,-0.00123153245022,0.0
89,100|LAM,-6.56816341074,-6.6266311255,-6.52887621661,-6.4972478352,-6.75152765735,-6.43653444852,-6.91957028179,-7.13589281186,-6.68217003725,-6.78102603705,-7.3534963175,-6.64526623976,-6.44773641559
90,101|LAM,-0.00204526193829,-0.000146309766478,0.0,-0.00104380981793,-0.00675547775791,-0.00228071246966,-0.0109094478717,-0.00250421209421,-0.0354867054875,-0.0075333198447,-0.00369888120622,-0.00532412115354,0.0
91,108|LAM,-0.186145163505,-0.172090162694,-0.160528654465,-0.140766370139,-0.215159109537,-0.24218151626,-0.258915261378,-0.228674473903,-0.369036846837,-0.241006800979,-0.178418097405,-0.277440097674,-0.15446163826
92,111|LAM,-0.0857916357704,-0.0530278091765,-0.0930992406211,-0.112538952397,-0.137069224063,-0.0332229413689,-0.0701711431452,-0.0675803350969,-0.105032389221,-0.0826586253716,-0.0699975921143,-0.0255867787091,-0.0392665222753
93,113|LAM,-0.000891493195923,0.0,-8.31379365991e-05,-0.00156613389845,0.0,-0.00280819422551,-0.00145509319736,-0.00061225699028,-0.000546562536329,-0.00140706787352,-0.00153512216639,-0.00317445647033,-0.00187467534124
94,116|LAM,-0.94517555299,-0.927704609553,-0.879526323882,-0.801165509754,-1.2704420543,-0.847039270359,-0.924566372268,-0.898790487863,-0.944251541101,-0.634136737859,-1.13941493615,-1.0062381395,-0.95358449495
95,122|LAM,-1.54897534225,-1.73294175455,-1.45855130594,-1.73255349949,-1.55605648342,-1.26477360009,-1.85950534582,-2.07810102076,-1.4479959444,-2.06779988535,-2.19900973043,-1.5046201232,-1.66538611781
96,125|LAM,-0.125436019008,-0.157858587604,-0.113395385459,-0.122497352006,-0.0727428381761,-0.160685927899,-0.168720687852,-0.230888687066,-0.114205875248,-0.187947028403,-0.147725672341,-0.162836177962,-0.126605218837
97,137|LAM,-1.71980252862,-1.52871904556,-1.78269220783,-1.84672700903,-1.61228442311,-1.82859003657,-1.8496571856,-2.00155083362,-2.12351500788,-1.87152789335,-1.6344829682,-1.61720920014,-1.66915898435
98,139|LAM,-0.0396216844529,-0.0465941449438,-0.0338999964761,-0.0447065868502,-0.0353779167508,-0.0375297761966,-0.0490771108206,-0.0724156282849,-0.0397355144387,-0.0493159889356,-0.0367970327343,-0.0471213887249,-0.0351761511993
99,152|LAM,-0.00294534350792,-0.0037238916957,-0.00252910237759,-0.000256459383309,-0.00410896676567,-0.00410829756129,-0.00531831429919,-0.00615675975587,-0.00507666636076,-0.00453779629879,-0.00385126588026,-0.00696908362852,-0.00216356193414
100,155|LAM,-0.201795949579,-0.30182728146,-0.197288744588,-0.162594355557,-0.121986816244,-0.225282553409,-0.251594868896,-0.401644747184,-0.281297209529,-0.19063112461,-0.168352671848,-0.216048580602,-0.163295508646
101,3|MEA,-0.888579295453,-1.01751004726,-0.72714458128,-0.897705180209,-1.01104640298,-0.789490268139,-1.13067881589,-1.13061701117,-1.32093691105,-1.07511634562,-1.23360264946,-0.893121183001,-0.699040179581
102,4|MEA,-3.57348889552,-3.84760418913,-3.0911063194,-3.5135849164,-3.75671710662,-3.65843202427,-4.08257052353,-4.13768149298,-4.29872127824,-3.68361484982,-3.97403295744,-4.31880207262,-2.87231235023
103,5|MEA,-0.138395201308,-0.150344021449,-0.135964278845,-0.139340586806,-0.132543592343,-0.133783530695,-0.141689919919,-0.148815587723,-0.148066471899,-0.138336630749,-0.140266160168,-0.132964737308,-0.141189422175
104,14|MEA,-11.6462291473,-11.5069617156,-12.0227767289,-11.7635110562,-11.5253196168,-11.4125773255,-13.2833661568,-12.0456000623,-16.7258682293,-12.5959740359,-12.2652851885,-12.7841031651,-12.0774418088
105,30|MEA,-3.18446113034,-3.3653024162,-3.18758297352,-3.09365882847,-3.36980440849,-2.90595689624,-3.31075390565,-3.34492331768,-3.42806426191,-3.40219547425,-3.33085321449,-3.0477331763,-3.15641209298
106,31|MEA,-6.81711131576,-7.16075560084,-6.34399075672,-6.69971981764,-6.98743171495,-6.89365872287,-7.19882335333,-7.00910226535,-7.3137388418,-7.38756703836,-7.02830406884,-7.25540433731,-6.39170808351
107,34|MEA,-15.6707373704,-16.5915445199,-15.6180914909,-15.3426754352,-15.8686031334,-14.9327721374,-15.9447226279,-16.5505533784,-16.119106033,-15.7986531746,-16.0465372902,-15.2087630985,-15.4357120876
108,40|MEA,-3.20186247177,-3.30263086823,-3.18254867387,-3.17548435986,-3.17103772483,-3.17761044588,-3.2696160299,-3.24706109694,-3.4065985806,-3.26140325116,-3.23480387168,-3.19821327853,-3.17414032987
109,50|MEA,-0.916881752644,-0.939419105729,-0.925013116685,-0.927606730853,-0.914908535815,-0.877461289925,-0.932338930143,-0.960602437471,-0.945654934407,-0.953733823122,-0.933517117737,-0.868186397576,-0.914772536045
110,78|MEA,-0.0580558965266,-0.0560080598734,-0.156921482412,-0.0297380878183,-0.0464237732522,-0.00118808065599,-0.059067271548,-0.159161983989,-0.110786105401,-0.00446552742505,-0.0206669934269,-0.00025574490428,-0.154212324705
111,85|MEA,-2.75432505572,-3.03575269179,-2.62172502324,-2.7727692409,-2.62940649655,-2.71197181456,-2.86507365142,-2.93995298014,-2.90560073522,-2.97383668507,-2.8221011727,-2.68387665314,-2.67950871291
112,87|MEA,-2.86672337866,-3.08496937039,-2.74800474399,-3.01001523767,-2.52107955966,-2.96954802919,-3.32192436775,-3.43939261812,-3.53946914866,-3.4788376689,-3.18386681148,-2.96805556842,-2.4942606862
113,96|MEA,-21.2634084098,-21.0727457758,-21.5076593673,-22.026574262,-21.4831861541,-20.2268769198,-21.1591796754,-21.0882130009,-21.881520114,-21.0417339035,-21.2426897699,-20.5417409123,-21.9081088618
114,115|MEA,-3.40170352418,-3.64047955142,-3.61459677271,-3.17289348542,-3.35273171269,-3.22781611385,-3.56950702113,-3.65607085629,-3.89816334885,-3.42140278825,-3.56421377239,-3.30768433284,-3.44770717118
115,120|MEA,-1.44314191918,-1.26210233573,-1.07128621061,-1.92102470495,-1.37096316823,-1.59033308648,-1.57258231898,-1.32144943432,-1.54428880585,-1.89309518692,-1.40747339653,-1.69660487748,-1.13132649691
116,121|MEA,-0.000175322726136,0.0,0.0,-0.000580966530833,0.0,-0.000295647099847,-5.91062816966e-05,0.0,-0.000295531412121,0.0,0.0,0.0,0.0
117,151|MEA,-33.1631949025,-35.3663395519,-31.6166901629,-33.6249911996,-32.3703524317,-32.8376020114,-34.5790491834,-34.3903127875,-35.8614386731,-35.6822523514,-33.699761528,-33.261480637,-32.3713605072
118,17|NAM,-0.000707580565177,-0.000609844601058,0.0,-0.00167410992799,-0.000225312898692,-0.00102863533539,-0.000289378384423,-0.000263779673332,-9.75959319476e-05,0.0,-0.000345009128068,-0.000740507173759,0.0
119,27|NAM,-10.4762900282,-9.69553811493,-10.4193014005,-10.9013905377,-10.3769182522,-10.9883009476,-10.6611842798,-8.96443622461,-11.3598045735,-10.8193301761,-10.5196914151,-11.6426592564,-10.3508966794
120,28|NAM,0.0,0.0,0.0,0.0,0.0,0.0,0.0,0.0,0.0,0.0,0.0,0.0,0.0
121,33|NAM,-0.283338676847,-0.276256813006,-0.276539044811,-0.267917976154,-0.240044983184,-0.355934537307,-0.290042003868,-0.289321390577,-0.257476913292,-0.267761617899,-0.265720007359,-0.369930103112,-0.276480421675
122,36|NAM,-11.8527076911,-11.9874566871,-13.1346490869,-11.8390301976,-11.4614206848,-10.8409819826,-12.1772919208,-11.3689413351,-12.7532838728,-12.7604253199,-11.8225297326,-12.1812793453,-12.4296533172
123,52|NAM,-0.00797053916331,-0.00864451541383,-0.0088666658001,-0.00606919708662,-0.00890184341552,-0.00737047548631,-0.00729914189424,-0.00792255434135,-0.00825766206111,-0.00745698628998,-0.00650651767501,-0.00635199049611,-0.00597931682569
124,55|NAM,-2.80613826027,-2.97810860782,-3.06294208196,-2.72884405805,-2.9853390364,-2.27545749355,-2.88527494926,-2.63184062717,-2.8880456027,-3.09862180196,-3.04920974098,-2.75865699201,-3.10290851972
125,56|NAM,-3.83858273402,-5.11539444869,-2.57975941234,-3.1636522585,-3.5911141196,-4.74299345543,-4.99795409517,-4.78992526576,-3.40414625499,-4.85215013676,-5.90372837334,-6.03982039206,-3.07124492044
126,58|NAM,-0.869203307727,-1.25667684602,-0.790178388939,-0.767681227514,-0.882136696931,-0.649343399698,-1.0590978373,-1.06001322722,-0.802604847373,-0.903992881613,-1.2565706085,-1.27230761485,-0.602578549762
127,63|NAM,-1.14109670903e-05,-5.70548363612e-05,0.0,0.0,0.0,0.0,-7.85287738836e-06,0.0,0.0,-2.63174952124e-05,0.0,-1.29468935484e-05,0.0
128,81|NAM,-0.00249811893218,-0.000761487203818,-0.00245957294374,-0.00153029341345,-0.00433894991511,-0.00340029128802,-0.00122734482716,-0.00150666647187,-0.000936737941629,-0.00125045701498,-0.00171660983142,-0.000726252867935,-0.00263458202244
129,90|NAM,-19.1133549538,-18.6685168095,-16.8430984645,-18.5330548042,-19.09451022,-22.4275943421,-22.1310902615,-17.2788978537,-16.7809320625,-26.3732983251,-22.1907601101,-28.0315628174,-16.7560784867
130,97|NAM,-4.13554754357,-4.14785062604,-4.48339470207,-3.75039663962,-4.05575150849,-4.24034428384,-4.26363784926,-4.0352930482,-4.0391617853,-4.25691273369,-4.33565920262,-4.65116257864,-4.49555550284
131,103|NAM,-0.000500637094092,-0.000460483474399,0.0,-0.000482908338199,-0.00109207532114,-0.000467718356958,-0.000282720142422,-0.000347188182786,-0.000249292448643,-0.000445844714704,-0.000184639740837,-0.000186635617865,-0.000812404814496
132,104|NAM,-0.00341854986982,-0.00493231287692,-0.00584186847846,-0.00499056883564,-0.00104474276304,-0.000283256289549,-0.00255484225636,-0.00211486074841,-0.00503403387847,-0.00301735350513,0.0,-0.00260796269868,-0.000776459637564
133,109|NAM,-0.0041330377851,-0.00260080487715,-0.000942193424635,-0.00361679471007,-0.0030155593613,-0.010489836357,-0.00125769346189,-0.000440947108928,-0.000803843606263,-0.00374116630223,-0.000157525786562,-0.00114498452513,-0.00633156147251
134,122|NAM,-0.988961504869,-1.02364589349,-1.1252317885,-1.03075973895,-0.962121377714,-0.803048778676,-1.0426879572,-0.985660858494,-0.833729287565,-1.26372769774,-1.12208026617,-1.00824158599,-1.10845018876
135,126|NAM,-0.526696054199,-0.264462225721,-0.521522479912,-0.493480876296,-0.58328438532,-0.770730276203,-0.653702106655,-0.572273972457,-0.59017471031,-0.664680392718,-0.60871987367,-0.832661578192,-0.555072959844
136,142|NAM,-0.491895711071,-0.531670739544,-0.418577683621,-0.440576234239,-0.457470185953,-0.611183689834,-0.468419955501,-0.388719481235,-0.383386227366,-0.5105830719,-0.363291039803,-0.696119988692,-0.440165081959
137,153|NAM,-0.0683319001673,-0.0453824295837,-0.0333044009458,-0.0845771431777,-0.107350119535,-0.0710454018481,-0.0903597666677,-0.0254167046005,-0.0504412829687,-0.0547241610257,-0.164612448906,-0.156604235854,-0.0229299571365
138,18|PAO,-0.178068608574,-0.215714017684,-0.228160374821,-0.0995738872371,-0.201110100585,-0.145784659464,-0.250548566262,-0.327187269013,-0.226085712943,-0.173755805488,-0.209331674307,-0.316382365043,-0.136279093854
139,19|PAO,-0.0234986501232,-0.0104710697748,-0.0255440811659,-0.034089104179,-0.0146915552771,-0.0326974407051,-0.0260764856429,-0.0160990565946,-0.0109134506938,-0.0466708772474,-0.0208787945285,-0.0358202492343,-0.0330439098016
140,20|PAO,-0.00651268815045,-0.0028152244804,-0.00293090064952,-0.00744091504566,-0.00385532672044,-0.015521073813,-0.00705760653648,-0.0035343936579,-0.00531090576715,-0.0079391882673,-0.00577266563232,-0.0127308794536,-0.00262532529814
141,21|PAO,-0.073671526779,-0.0549564423418,-0.0974635504981,-0.0594509890179,-0.0785709764987,-0.0779156780929,-0.068591248785,-0.0630626254788,-0.0691144090356,-0.0775713775247,-0.0637448393327,-0.069462988002,-0.0806223024337
142,22|PAO,-0.0317111085641,-0.0078322044883,-0.0257960163217,-0.0266868121639,-0.0480065914553,-0.0502339171762,-0.0569933132127,-0.057918781658,-0.030457581243,-0.0531717939061,-0.0646615397054,-0.0787568699843,-0.0312192145616
143,71|PAO,-0.506384504925,-0.317414710062,-0.242769108787,-0.352504101749,-0.611444457456,-1.00779016755,-0.472746934443,-0.256595259518,-0.333223635083,-0.702309274377,-0.362972665986,-0.708633874645,-0.359973548679
144,91|PAO,-1.13488553088,-1.31438551182,-1.01557402279,-0.813109498052,-1.36684500628,-1.1645136001,-1.42310749809,-1.22872539281,-1.56473905386,-1.22848189001,-1.57240931567,-1.52118189134,-0.728184350429
145,94|PAO,-0.182480007476,-0.159062226739,-0.176419320385,-0.211703680481,-0.167852359984,-0.197362420266,-0.176942123799,-0.157079133598,-0.179497949561,-0.208133490807,-0.187404305863,-0.152595750507,-0.183226852561
146,149|PAO,-0.00430474476252,-0.00267447973783,-0.00392417149851,-0.00171713507643,-0.00718693096132,-0.00602100603192,-0.00722413579479,-0.00702763300797,-0.00345300381014,-0.00308727476204,-0.0200051952143,-0.0025475724251,-0.00623725663172
147,24|PAS,-0.000947341515712,-0.000642688610242,-0.000711107277311,-0.00225794292055,-0.000293022138067,-0.000831946526887,-0.00240720969668,-0.000150025705807,-0.000490627237014,-0.000414459354943,-0.00978729432973,-0.00119364194688,0.0
148,59|PAS,-1.11829851753,-1.31412300223,-1.02059054183,-0.987858497137,-1.34725474473,-0.921665732982,-1.22524665848,-1.37793183542,-1.3739357275,-0.957921219757,-1.6409580326,-0.775486526545,-1.16108621587
149,69|PAS,-0.000302279969105,0.0,-0.00036403048216,-1.09181100925e-05,-0.00085761426817,-0.000278837000224,-0.000274067811006,0.0,-6.16299412286e-05,-4.96416923852e-05,-0.00101429102688,-0.000244776365435,0.0
150,70|PAS,-0.850480660647,-0.889656102881,-0.79567607116,-0.729133069904,-0.868704562934,-0.969233470958,-0.961044341773,-1.00134716996,-0.951437957046,-0.777800392636,-1.20381617984,-0.870820048898,-0.785875493937
151,72|PAS,-1.6991428346,-0.604283351568,-1.79370134229,-1.4994241035,-2.91631581429,-1.68198947783,-1.79715073503,-1.0418876146,-1.32118220541,-1.66503001886,-3.2114992845,-1.74615455754,-1.72861926956
152,73|PAS,-3.38922181982e-05,0.0,0.0,0.0,0.0,-0.000169461083715,-0.000103098210275,0.0,0.0,0.0,-0.000475555454614,-3.99355994887e-05,0.0
153,88|PAS,-0.243661081315,-0.300929605866,-0.182441340032,-0.189218896179,-0.316321697217,-0.22939386731,-0.305408091073,-0.313984634457,-0.366722376548,-0.12207667972,-0.519424793572,-0.204831982293,-0.197052214877
154,98|PAS,-0.497553944879,-0.351567396516,-0.327055441914,-0.370693928096,-0.425561664684,-1.01289125858,-0.517289291834,-0.315305908676,-0.323502893094,-0.337507748976,-0.653659007279,-0.956470886245,-0.347059359774
155,110|PAS,-0.0029383709134,-0.00303628932306,-0.00680169836778,0.0,-0.00237928683055,-0.00247458022568,-0.00165011594891,-0.00425214986171,0.0,0.0,-0.0015734663466,-0.00242496351711,0.0
156,112|PAS,-1.35985728775e-05,0.0,0.0,-6.79928634781e-05,0.0,0.0,-1.89150878214e-05,0.0,-2.79827345366e-05,-6.65927036607e-05,0.0,0.0,0.0
157,114|PAS,-0.0228872100415,-0.0209116813494,-0.0114482333884,-0.0395700683584,-0.0386759054381,-0.0038301605382,-0.0371443060867,-0.079518229817,-0.0503891664557,-0.00101723760599,-0.0516980495886,-0.0030988433864,-0.00374973495491
158,117|PAS,-1.75679200963,-2.2702246488,-2.12265600823,-1.56000022707,-1.41444023408,-1.41663889494,-1.96819811031,-2.1280596272,-2.33816992081,-1.92958970682,-1.53047074354,-1.91470067413,-2.14691028612
159,133|PAS,0.0,0.0,0.0,0.0,0.0,0.0,0.0,0.0,0.0,0.0,0.0,0.0,0.0
160,140|PAS,-0.000213532979615,0.0,0.0,-0.000529687851667,-0.000537977059139,0.0,-0.000139125373607,0.0,0.0,-0.000390386558138,-0.000305240304442,0.0,0.0
161,143|PAS,-0.00974710582886,-0.00440353152226,-0.0092907291837,-0.0238201839529,-0.0106808089186,-0.000540275184903,-0.00816669426058,-0.00249699581764,-0.00963609282917,-0.0112135152158,-0.0174868679605,0.0,0.0
162,144|PAS,-0.0350403794082,-0.0257514292607,-0.0173425954417,-0.0388296982273,-0.0704324392354,-0.0228457355406,-0.0523811331523,-0.0314358347096,-0.117747367854,-0.0291916751303,-0.0610924499924,-0.0224383350578,-0.00870034826221
163,147|PAS,-0.000757780042477,0.0,0.0,0.0,-0.00378890009597,0.0,-0.00154613815539,0.0,0.0,-0.00121182214934,-0.00651886872947,0.0,0.0
164,11|RCPA,-0.00101834184375,-0.000944755211094,-0.00101865873694,-0.00104780106494,-0.00201986407956,-6.06302319284e-05,-0.00100614390794,-0.000748702779674,-0.00163214884742,-0.00126329970999,-0.00125861292781,-0.000127955196149,-0.00149806811532
165,54|RCPA,-0.0063435289685,-0.00596546066345,-0.00544661403478,-0.00831216438684,-0.0111712065918,-0.000822199101606,-0.00638380598332,-0.00620373294373,-0.00867639382614,-0.00824928141225,-0.00726028494432,-0.00152933664424,-0.00823947898243
166,59|RCPA,-1.69437385622,-2.13980051875,-1.5909845531,-1.20566834509,-1.99131219702,-1.54410332441,-1.79335252103,-1.99490940571,-1.72784589231,-1.75895944238,-2.02662957001,-1.45841798186,-1.9232775569
167,61|RCPA,-1.01509169973,-1.29951875306,-0.828637039522,-1.08173166303,-0.959749655696,-0.905821483364,-0.932060372699,-1.17935516582,-0.804076893313,-0.790400476268,-1.00553480246,-0.880934629262,-0.902220541844
168,88|RCPA,-0.566821900782,-0.628082193522,-0.547885314138,-0.372289325918,-0.727047805308,-0.558804887628,-0.627577345845,-0.595370227355,-0.593394393672,-0.560780457332,-0.834182269858,-0.5541594891,-0.580593016504
169,98|RCPA,-0.15854984408,-0.141835779155,-0.129674492091,-0.0955046939489,-0.14247283974,-0.283261383243,-0.171385213922,-0.210028789937,-0.196705997922,-0.0677913912368,-0.104341406375,-0.278058482218,-0.11562559742
170,105|RCPA,-9.61416862992e-05,-8.23863729238e-05,-0.000181089555554,-0.000217232511204,0.0,0.0,-8.88706781552e-05,-1.66005447682e-05,-0.000161897471116,-0.000216835003812,0.0,-4.90203692607e-05,-0.000136554939672
171,123|RCPA,-0.0107677766355,-0.00214645289816,-0.00727796909632,-0.0226284501259,-0.00765955155657,-0.0141264584381,-0.011095893773,-0.00422546546906,-0.0148690422648,-0.0114661798289,-0.000199285597773,-0.0247194974218,-4.82021314383e-05
172,156|RCPA,-1.17261746663,-1.39364720308,-1.14652994182,-0.997113779329,-1.29808243981,-1.02771384505,-1.24299151125,-1.34594941578,-1.4063853415,-1.12146543281,-1.35780554767,-0.983351968669,-1.24474006891
173,160|RCPA,-0.00244341128801,-0.00129056285164,-0.00340663324681,-0.00127468502615,-0.00611935094003,-0.000125824360026,-0.00196713697324,-0.00092572419635,-0.00434457360871,-0.00219904817573,-0.00194846684099,-0.000417872030994,-0.00186101889312
174,10|SAS,-1.87305601599,-1.98719681357,-1.81875546002,-2.05633235732,-1.88535644351,-1.61763902224,-2.05333045893,-1.89290606782,-2.20921165065,-2.29453470293,-2.06878538892,-1.80121448516,-1.76865476908
175,12|SAS,0.0,0.0,0.0,0.0,0.0,0.0,0.0,0.0,0.0,0.0,0.0,0.0,0.0
176,15|SAS,-0.144304715781,-0.140121067117,-0.157267207629,-0.148113409057,-0.129342967273,-0.14667892376,-0.135678882783,-0.125086974236,-0.16365145985,-0.134796378145,-0.141008173261,-0.113851438393,-0.144090518152
177,24|SAS,-0.0253888945736,-0.0112108867615,-0.0308166742325,-0.0418697386922,-0.0218328144401,-0.0212143622339,-0.111908181163,-0.0351470193127,-0.333272352815,-0.014111481607,-0.161850982055,-0.0151590686291,-0.0242211408913
178,30|SAS,-1.16634289478,-1.28352284536,-1.204029046,-1.21802268864,-1.13745642331,-0.988683418487,-1.26300647564,-1.286838206,-1.36179858854,-1.30855904392,-1.26704925502,-1.09078727092,-1.18313788367
179,50|SAS,-4.02159219605,-4.22631351251,-4.0828062397,-4.1443908733,-3.9358835021,-3.71856684104,-4.323680489,-4.4046515248,-4.70816881545,-4.35264425805,-4.41426648466,-3.73867139882,-4.06701950941
180,53|SAS,-64.7171729232,-62.7840626399,-56.3727147155,-77.3046811733,-56.9925640627,-70.1318412152,-70.5471722056,-83.8098753504,-67.6262715766,-68.2767316873,-75.1169766545,-57.9060060722,-59.4636667762
181,65|SAS,-27.6893653858,-25.6980858634,-26.4852303582,-32.615716067,-23.1166200497,-30.53117485,-28.0380749035,-29.973061447,-27.7095784309,-29.0768424246,-29.3080758764,-24.1228169068,-22.0914372772
182,66|SAS,-5.51387073105,-5.38868173948,-4.51549054158,-8.4328251259,-4.06203696633,-5.17031934758,-5.72909171772,-5.90587370296,-5.84463688135,-8.0017989944,-4.66287623969,-4.23027310218,-3.90105784786
183,67|SAS,-24.3748413795,-27.0191108179,-23.8765237998,-25.9238934367,-20.14485872,-24.9098198757,-30.3852840811,-31.0234927144,-41.6214171653,-26.8446839222,-27.5647518704,-24.8720739464,-23.2600465124
184,70|SAS,-0.00835338549223,-0.00438352487981,0.0,-0.00184814957902,-0.030186291784,-0.00534896308091,-0.0103861061798,-0.0145204684814,0.0,-0.00184814957902,-0.0260436171666,-0.00951829354744,0.0
185,115|SAS,-0.19467881048,-0.19537986425,-0.20063073028,-0.196961615884,-0.196282807119,-0.184139038276,-0.19283888209,-0.197222188671,-0.203004508578,-0.193892663396,-0.202346545797,-0.167728498043,-0.197520818983
186,124|SAS,-52.2393070683,-52.2108475021,-50.6656809776,-54.7223555947,-48.5772438375,-55.020407075,-56.4269089789,-59.6780847807,-65.0138161062,-51.3809699675,-54.923597017,-51.138077504,-53.0371783173
187,141|SAS,-0.318421252712,-0.133689503185,-0.165274648927,-0.576838543522,-0.379002215341,-0.337301370688,-0.384366356651,-0.331834863406,-0.407931263791,-0.402749314904,-0.4062378495,-0.373078485951,-0.190727465088
188,0|WEU,-1.71100561633,-1.54230549847,-1.3642161084,-2.21677461205,-1.80037635305,-1.63135548522,-1.98967651674,-1.91251527664,-2.14734609029,-2.57343345811,-1.58024848769,-1.73483921529,-1.37117996997
189,4|WEU,0.0,0.0,0.0,0.0,0.0,0.0,0.0,0.0,0.0,0.0,0.0,0.0,0.0
190,26|WEU,-2.87990207786,-3.22299026076,-2.40269851605,-2.80346603731,-2.85513931593,-3.11521628528,-3.27656957118,-3.42380764041,-3.41025833556,-3.39861278542,-2.92734275798,-3.22282630829,-2.39213279414
191,31|WEU,-0.0533646864151,-0.0636642045865,-0.0458790422417,-0.0443796017207,-0.0599678521976,-0.0529327336699,-0.0629973166833,-0.0646136458818,-0.0643389597535,-0.0679069390753,-0.0589515357278,-0.0591754987836,-0.0472352067009
192,39|WEU,-0.000958397889917,0.0,0.0,-0.00255199911771,-0.00198211912357,-0.000257871230133,-0.00496003078661,-0.00281563700264,-0.00654981174739,-0.00642300071195,-0.00473130424507,-0.00428039982216,0.0
193,41|WEU,-0.00377121496786,0.0,0.0,-0.00271074098418,0.0,-0.0161453335895,-0.01204977823,-8.89425937203e-05,0.0,-0.0168546970235,-0.00501955795335,-0.0382856958313,0.0
194,45|WEU,-5.15380450469,-5.40096471462,-4.60837635069,-4.95868544542,-5.22039927533,-5.58059665555,-6.59375488673,-6.93417066456,-7.28916365508,-5.61811332356,-5.21952119992,-7.90780576206,-4.26378300371
195,47|WEU,-2.38365637966,-2.60371060364,-2.12897477177,-2.30255475009,-2.4191660772,-2.46387557962,-3.04785030121,-3.22398013624,-3.53393161766,-2.65996502626,-2.64715363871,-3.17422110988,-1.81099570437
196,48|WEU,-0.341868841359,-0.268618674978,-0.250181703162,-0.481246931144,-0.464113415188,-0.24518349077,-0.596487910146,-0.553012543642,-0.591728543674,-0.44307539257,-0.532453055413,-0.862169985729,-0.215775571036
197,49|WEU,-0.0024025097955,0.0,0.0,-0.012012549676,0.0,0.0,-0.00346932676621,0.0,0.0,-0.0173466335982,0.0,0.0,0.0
198,51|WEU,-0.0103973196884,-0.0212002457674,-0.00462723649139,-0.00400336029452,-0.00329348937794,-0.0188622664382,-0.0226887873184,-0.035121096299,-0.0112471846842,-0.0149190222764,-0.0223005951166,-0.029856037937,-4.20133619627e-05
199,64|WEU,-8.79093195181e-05,-0.000122734709294,0.0,-7.33382912586e-05,-0.00017566794395,-6.78056412653e-05,-4.68348230243e-05,0.0,-8.89931652637e-06,-8.16858964754e-05,-0.000143588894389,0.0,0.0
200,68|WEU,-0.000185484866961,0.0,0.0,-0.000346923392499,-0.000580500927754,0.0,-7.25082136341e-05,0.0,0.0,0.0,-0.000362541060895,0.0,0.0
201,85|WEU,-1.88157011525,-1.95315788388,-1.51347402771,-2.20819054199,-1.81711302392,-1.9159151841,-2.20736807484,-2.22800253431,-2.2251834608,-2.56028610577,-1.94181380176,-2.08155441692,-1.58809976096
202,86|WEU,-0.365460013272,-0.367127207806,-0.330462905113,-0.37664607889,-0.385565073462,-0.367498776177,-0.421496809926,-0.501667042729,-0.473893471528,-0.423533536261,-0.329462202033,-0.378927814774,-0.247342542978
203,106|WEU,0.0,0.0,0.0,0.0,0.0,0.0,0.0,0.0,0.0,0.0,0.0,0.0,0.0
204,119|WEU,-0.486654230241,-0.405285521792,-0.267201591341,-0.83787086534,-0.57966260954,-0.343250618433,-0.952644312496,-1.01059879312,-0.99549971713,-1.15531156176,-0.580415115357,-1.02139636288,-0.334774413554
205,127|WEU,-0.0094661647222,-0.0163838585622,-0.00388430171733,-0.00401778840023,-0.0224870227503,-0.000557852992642,-0.0137899282872,-0.0201841615453,-0.00318670041997,-0.00977867519759,-0.0192791773661,-0.0165209267834,-0.00708431415296
206,145|WEU,-0.0254832228977,-0.0142870567306,-0.0106597700724,-0.0233508233287,-0.0480063922259,-0.0311120700298,-0.0333000844741,-0.0275341389515,-0.000856314713019,-0.0289758471481,-0.0474781657849,-0.0616559535611,-0.0215777833137
207,150|WEU,-0.484402808077,-0.356318341102,-0.34681198973,-0.650780311029,-0.621613911411,-0.446489464506,-0.79262669856,-0.975523129979,-0.797028323228,-0.890813966165,-0.505176780163,-0.794591291517,-0.345309767406
208,151|WEU,-1.32612544009,-1.5404037294,-1.02600956269,-1.27826646577,-1.30506950782,-1.48087789587,-1.54252703044,-1.60321850175,-1.62448992369,-1.67839219037,-1.33757169388,-1.46896276273,-1.10726683814
