NAME,BASIN,REGION,BASIN_ID,area,area_km2,BCU_name
Africa East Central Coast - AFR,Africa East Central Coast,AFR,1.000000000000000,85.640719270884702,1037883.574572063633241,1|AFR
Africa Indian Ocean Coast - AFR,Africa Indian Ocean Coast,AFR,2.000000000000000,21.127409156691915,243899.943980056879809,2|AFR
Africa North Interior - AFR,Africa North Interior,AFR,3.000000000000000,105.216562217766423,1209639.379213199019432,3|AFR
Africa North West Coast - AFR,Africa North West Coast,AFR,4.000000000000000,25.687340655600575,298426.823374682164285,4|AFR
Africa Red Sea Gulf of Aden Coast - AFR,Africa Red Sea Gulf of Aden Coast,AFR,5.000000000000000,48.304441467967038,585874.354092505527660,5|AFR
Africa South Interior - AFR,Africa South Interior,AFR,6.000000000000000,74.323243553460301,863903.144677721662447,6|AFR
Africa West Coast - AFR,Africa West Coast,AFR,7.000000000000000,67.720748400469873,822709.492280389298685,7|AFR
Africa West Coast - AFR,Africa West Coast,AFR,8.000000000000000,16.012711824888612,195431.288593632489210,8|AFR
Angola Coast - AFR,Angola Coast,AFR,13.000000000000000,42.135065292865619,506503.729172050894704,13|AFR
Congo - AFR,Congo,AFR,38.000000000000000,301.203469949460327,3688468.879523366689682,38|AFR
Gulf of Guinea - AFR,Gulf of Guinea,AFR,57.000000000000000,57.633131788586908,707844.131026168004610,57|AFR
Lake Chad - AFR,Lake Chad,AFR,78.000000000000000,189.082585256173957,2245019.215334198437631,78|AFR
Limpopo - AFR,Limpopo,AFR,80.000000000000000,36.340794954616811,411537.149830088717863,80|AFR
Madagascar - AFR,Madagascar,AFR,82.000000000000000,51.051155922904250,592815.646554963896051,82|AFR
Namibia Coast - AFR,Namibia Coast,AFR,92.000000000000000,22.833251206832262,260119.130274544499116,92|AFR
Niger - AFR,Niger,AFR,95.000000000000000,163.275560520987085,1954311.590534176677465,95|AFR
Nile - AFR,Nile,AFR,96.000000000000000,69.575061646342547,848888.285966384923086,96|AFR
Orange - AFR,Orange,AFR,107.000000000000000,89.092829476891907,975683.027671570074745,107|AFR
Rift Valley - AFR,Rift Valley,AFR,121.000000000000000,52.691470748962033,642681.064563093008474,121|AFR
Senegal - AFR,Senegal,AFR,129.000000000000000,38.377050641518551,456381.408755590498913,129|AFR
Shebelli Juba - AFR,Shebelli Juba,AFR,130.000000000000000,64.761076811753640,794436.545225901412778,130|AFR
South Africa South Coast - AFR,South Africa South Coast,AFR,135.000000000000000,37.839637339632169,402570.386649232765194,135|AFR
South Africa West Coast - AFR,South Africa West Coast,AFR,136.000000000000000,10.546935747516766,110964.506621828753850,136|AFR
Volta - AFR,Volta,AFR,158.000000000000000,33.958874978698979,410999.801449513528496,158|AFR
Zambezi - AFR,Zambezi,AFR,161.000000000000000,115.441817038753555,1373200.908397931838408,161|AFR
Amur - CHN,Amur,CHN,11.000000000000000,118.195176436824838,988839.351250819163397,11|CHN
China Coast - CHN,China Coast,CHN,35.000000000000000,35.231458626208365,369974.818192495324183,35|CHN
Ganges Bramaputra - CHN,Ganges Bramaputra,CHN,53.000000000000000,29.359386990568247,315813.627336444158573,53|CHN
Gobi Interior - CHN,Gobi Interior,CHN,54.000000000000000,96.413939998232394,876111.696252716821618,54|CHN
Hainan - CHN,Hainan,CHN,60.000000000000000,2.934501638159110,34161.449856905273919,60|CHN
Hong Red River Xun Jiang South China Sea Coast - CHN,Hong Red River Xun Jiang South China Sea Coast,CHN,61.000000000000000,57.905352536406042,652476.224748953012750,61|CHN
Huang He - CHN,Huang He,CHN,62.000000000000000,97.589270637605239,963305.893215728690848,62|CHN
Indus - CHN,Indus,CHN,67.000000000000000,9.172139000895490,95598.022434567290475,67|CHN
Irrawaddy Salween Sittang - CHN,Irrawaddy Salween Sittang,CHN,70.000000000000000,14.689595673361401,158244.336325541109545,70|CHN
Lake Balkash - CHN,Lake Balkash,CHN,77.000000000000000,8.709891138075681,77327.323000498829060,77|CHN
Mekong - CHN,Mekong,CHN,88.000000000000000,15.132031870617110,164746.578075919271214,88|CHN
North and South Korea Bo Hai Korean Bay North Coast - CHN,North and South Korea Bo Hai Korean Bay North Coast,CHN,98.000000000000000,34.422045111631505,314886.585845332767349,98|CHN
Ob - CHN,Ob,CHN,105.000000000000000,10.562941798527733,88732.825603527555359,105|CHN
Plateau of Tibet Interior - CHN,Plateau of Tibet Interior,CHN,118.000000000000000,38.135286614684553,398534.121714659093414,118|CHN
Russia South East Coast - CHN,Russia South East Coast,CHN,123.000000000000000,3.643120138990455,32831.968009330084897,123|CHN
Tarim Interior - CHN,Tarim Interior,CHN,148.000000000000000,163.252847065067868,1583765.900121035752818,148|CHN
Yangtze - CHN,Yangtze,CHN,159.000000000000000,180.674341349942438,1922652.308836492011324,159|CHN
Ziya He Interior - CHN,Ziya He Interior,CHN,162.000000000000000,35.715381627626023,342560.638185290037654,162|CHN
Adriatic Sea Greece Black Sea Coast - EEU,Adriatic Sea Greece Black Sea Coast,EEU,0.000000000000000,19.014420602455203,173363.569610449223546,0|EEU
Danube - EEU,Danube,EEU,39.000000000000000,70.908287295092308,611034.203723855433054,39|EEU
Elbe Ems Gironde Loire Maas Rhine Scheldt Seine France West Coast - EEU,Elbe Ems Gironde Loire Maas Rhine Scheldt Seine France West Coast,EEU,48.000000000000000,6.260043368717449,50039.770430619901163,48|EEU
Oder Wisla Neman Daugava Neva Poland Baltic Coast - EEU,Oder Wisla Neman Daugava Neva Poland Baltic Coast,EEU,106.000000000000000,67.784578461559221,495734.914573311398271,106|EEU
Amu Darya - FSU,Amu Darya,FSU,10.000000000000000,68.683534799917865,638880.526372685097158,10|FSU
Amur - FSU,Amur,FSU,11.000000000000000,129.326629721752113,1005837.935799312428571,11|FSU
Arctic Ocean Islands - FSU,Arctic Ocean Islands,FSU,16.000000000000000,30.917560395601182,95059.089150852843886,16|FSU
Barents Sea Coast Northern Dvina - FSU,Barents Sea Coast Northern Dvina,FSU,23.000000000000000,184.356689413425698,989905.001426387578249,23|FSU
Black Sea North Coast - FSU,Black Sea North Coast,FSU,25.000000000000000,20.762608744765071,179779.638782074500341,25|FSU
Black Sea South Coast - FSU,Black Sea South Coast,FSU,26.000000000000000,3.495403618109783,31889.122180756789021,26|FSU
Caspian Sea East Coast - FSU,Caspian Sea East Coast,FSU,30.000000000000000,55.501673742285675,526071.782426098478027,30|FSU
Caspian Sea South West Coast - FSU,Caspian Sea South West Coast,FSU,31.000000000000000,37.278347592998699,338417.470868827309459,31|FSU
Danube - FSU,Danube,FSU,39.000000000000000,4.985219519909879,41684.993275730048481,39|FSU
Dnieper - FSU,Dnieper,FSU,42.000000000000000,66.003323974278572,511732.463504726183601,42|FSU
Dniester Black Sea North Coast - FSU,Dniester Black Sea North Coast,FSU,43.000000000000000,19.702991012211534,162723.205487493571127,43|FSU
Don - FSU,Don,FSU,44.000000000000000,54.944655901037159,439083.786516577762086,44|FSU
Finland Neva - FSU,Finland Neva,FSU,51.000000000000000,38.109112303155314,234082.135386594804004,51|FSU
Gobi Interior - FSU,Gobi Interior,FSU,54.000000000000000,3.151819638879765,24993.793669123337168,54|FSU
Japan - FSU,Japan,FSU,71.000000000000000,0.745367978910006,6531.473637265107755,71|FSU
Kara Sea Coast - FSU,Kara Sea Coast,FSU,74.000000000000000,142.429657740246199,672080.017117019160651,74|FSU
Lake Balkash - FSU,Lake Balkash,FSU,77.000000000000000,46.685588825036653,401916.698212351009715,77|FSU
Lena - FSU,Lena,FSU,79.000000000000000,417.768591193210000,2477833.698229707777500,79|FSU
Ob - FSU,Ob,FSU,105.000000000000000,442.018400070531072,3002697.035522781778127,105|FSU
Oder Wisla Neman Daugava Neva Poland Baltic Coast - FSU,Oder Wisla Neman Daugava Neva Poland Baltic Coast,FSU,106.000000000000000,27.282915620009476,192354.071595215064008,106|FSU
Russia South East Coast - FSU,Russia South East Coast,FSU,123.000000000000000,13.185769442304178,111173.216064647422172,123|FSU
Scandinavia North Coast - FSU,Scandinavia North Coast,FSU,127.000000000000000,47.820859355072393,236147.734973258629907,127|FSU
Siberia North Coast - FSU,Siberia North Coast,FSU,131.000000000000000,314.891611649083814,1204002.453584586037323,131|FSU
Siberia West Coast - FSU,Siberia West Coast,FSU,132.000000000000000,577.151055068633468,3030293.781250360887498,132|FSU
Syr Darya - FSU,Syr Darya,FSU,146.000000000000000,120.169189940948570,1039645.465755588025786,146|FSU
Tarim Interior - FSU,Tarim Interior,FSU,148.000000000000000,2.808148187792624,26139.254680908950832,148|FSU
Ural Caspian Sea Coast - FSU,Ural Caspian Sea Coast,FSU,154.000000000000000,89.876726131367519,735674.661623416002840,154|FSU
Volga - FSU,Volga,FSU,157.000000000000000,203.593542386979863,1410727.698091354919598,157|FSU
Yenisey - FSU,Yenisey,FSU,160.000000000000000,349.075001922899503,2190506.102225359994918,160|FSU
Amazon - LAM,Amazon,LAM,9.000000000000000,486.780077931147332,5925336.499094575643539,9|LAM
California - LAM,California,LAM,27.000000000000000,12.277303755464986,133751.602885291242274,27|LAM
Caribbean - LAM,Caribbean,LAM,28.000000000000000,18.219549675926682,210085.375759838090744,28|LAM
Carribean Coast - LAM,Carribean Coast,LAM,29.000000000000000,28.187933095578053,342254.363448255986441,29|LAM
Central America Carribean Coast - LAM,Central America Carribean Coast,LAM,32.000000000000000,77.438988769931214,906204.987996335490607,32|LAM
Central America Pacific Coast - LAM,Central America Pacific Coast,LAM,33.000000000000000,77.727796379697693,886340.351136258570477,33|LAM
Columbia Ecuador Pacific Coast - LAM,Columbia Ecuador Pacific Coast,LAM,37.000000000000000,16.885340271398988,207407.420084339159075,37|LAM
East Brazil South Atlantic Coast - LAM,East Brazil South Atlantic Coast,LAM,46.000000000000000,23.323339130103136,285367.670890867419075,46|LAM
La Plata - LAM,La Plata,LAM,75.000000000000000,235.104160777777764,2659173.349209013860673,75|LAM
La Puna Region - LAM,La Puna Region,LAM,76.000000000000000,28.324934687429078,326056.005455247242935,76|LAM
Magdalena - LAM,Magdalena,LAM,83.000000000000000,21.239101783076773,259630.159521387424320,83|LAM
Mar Chiquita Salinas Grandes - LAM,Mar Chiquita Salinas Grandes,LAM,84.000000000000000,28.693324009660230,307876.481254836835433,84|LAM
Negro Central Patagonia South Argentina South Atlantic Coast - LAM,Negro Central Patagonia South Argentina South Atlantic Coast,LAM,93.000000000000000,79.949970183647807,705678.746728697093204,93|LAM
North America Colorado - LAM,North America Colorado,LAM,97.000000000000000,1.372506348868123,14421.202581607596585,97|LAM
North Brazil South Atlantic Coast - LAM,North Brazil South Atlantic Coast,LAM,99.000000000000000,22.016757330924673,270274.607402335735969,99|LAM
North Chile Pacific Coast - LAM,North Chile Pacific Coast,LAM,100.000000000000000,39.159711957366184,413904.338739089143928,100|LAM
North East South America South Atlantic Coast - LAM,North East South America South Atlantic Coast,LAM,101.000000000000000,45.730823381131579,561056.784910493530333,101|LAM
Orinoco - LAM,Orinoco,LAM,108.000000000000000,76.573327682369438,937394.081795556354336,108|LAM
Pampas Region North Argentina South Atlantic Coast - LAM,Pampas Region North Argentina South Atlantic Coast,LAM,111.000000000000000,39.345682548511071,391665.078336987877265,111|LAM
Parnaiba - LAM,Parnaiba,LAM,113.000000000000000,27.158392564522121,331511.639634288498200,113|LAM
Peru Pacific Coast - LAM,Peru Pacific Coast,LAM,116.000000000000000,24.176115154899623,290695.997022632975131,116|LAM
Rio Grande Mexico Interior - LAM,Rio Grande Mexico Interior,LAM,122.000000000000000,45.989249717679122,503787.798254342575092,122|LAM
Sao Francisco - LAM,Sao Francisco,LAM,125.000000000000000,53.096320239414723,634872.570569325354882,125|LAM
Soth Chile Pacific Coast - LAM,Soth Chile Pacific Coast,LAM,134.000000000000000,0.647677240518081,7971.802861332156681,134|LAM
South America Colorado - LAM,South America Colorado,LAM,137.000000000000000,39.411264915105455,400803.039386453747284,137|LAM
South Chile Pacific Coast - LAM,South Chile Pacific Coast,LAM,139.000000000000000,39.789086894376354,323440.926784762414172,139|LAM
Tocantins - LAM,Tocantins,LAM,152.000000000000000,79.330204671981690,960007.472496461821720,152|LAM
Uruguay Brazil South Atlantic Coast - LAM,Uruguay Brazil South Atlantic Coast,LAM,155.000000000000000,107.981820953679417,1207199.919546795077622,155|LAM
Africa North Interior - MEA,Africa North Interior,MEA,3.000000000000000,392.342599181455341,4307318.832830519415438,3|MEA
Africa North West Coast - MEA,Africa North West Coast,MEA,4.000000000000000,48.277140757419254,523688.126151015923824,4|MEA
Africa Red Sea Gulf of Aden Coast - MEA,Africa Red Sea Gulf of Aden Coast,MEA,5.000000000000000,14.678437749228525,167545.995515947754029,5|MEA
Arabian Peninsula - MEA,Arabian Peninsula,MEA,14.000000000000000,188.450372204465026,2138132.736050085164607,14|MEA
Caspian Sea East Coast - MEA,Caspian Sea East Coast,MEA,30.000000000000000,8.559769261115679,84809.684731725443271,30|MEA
Caspian Sea South West Coast - MEA,Caspian Sea South West Coast,MEA,31.000000000000000,18.785978086605791,184854.944796892203158,31|MEA
Central Iran - MEA,Central Iran,MEA,34.000000000000000,78.403109773316274,816381.100755504798144,34|MEA
Dead Sea Eastern Jordan Syria - MEA,Dead Sea Eastern Jordan Syria,MEA,40.000000000000000,21.620928995063270,229195.038388866290916,40|MEA
Farahud Hamun-i-Mashkel Helmand - MEA,Farahud Hamun-i-Mashkel Helmand,MEA,50.000000000000000,10.502482499133173,111209.816103864650358,50|MEA
Lake Chad - MEA,Lake Chad,MEA,78.000000000000000,18.686602748362844,217453.421302730479511,78|MEA
Mediterranean Sea East Coast - MEA,Mediterranean Sea East Coast,MEA,85.000000000000000,9.743627418639685,100961.052519730437780,85|MEA
Mediterranean South Coast - MEA,Mediterranean South Coast,MEA,87.000000000000000,54.239608707435650,560667.795583496685140,87|MEA
Niger - MEA,Niger,MEA,95.000000000000000,14.018710521776429,160908.096721660869662,95|MEA
Nile - MEA,Nile,MEA,96.000000000000000,188.557407619820225,2234647.616865988820791,96|MEA
Persian Gulf Coast - MEA,Persian Gulf Coast,MEA,115.000000000000000,23.904873420062181,260575.000054426054703,115|MEA
Red Sea East Coast - MEA,Red Sea East Coast,MEA,120.000000000000000,47.703059326677455,550363.185337613918819,120|MEA
Rift Valley - MEA,Rift Valley,MEA,121.000000000000000,1.254356411295263,15379.060317334566207,121|MEA
Tigris Euphrates - MEA,Tigris Euphrates,MEA,151.000000000000000,71.990436669733299,743265.006515017128550,151|MEA
Atlantic Ocean Seaboard - NAM,Atlantic Ocean Seaboard,NAM,17.000000000000000,89.963741306899607,700660.987058833008632,17|NAM
California - NAM,California,NAM,27.000000000000000,29.854729437360465,289651.698156503320206,27|NAM
Caribbean - NAM,Caribbean,NAM,28.000000000000000,0.767455212300491,8984.762469718294597,28|NAM
Central America Pacific Coast - NAM,Central America Pacific Coast,NAM,33.000000000000000,1.682305118298492,17340.475049671913439,33|NAM
Columbia - NAM,Columbia,NAM,36.000000000000000,78.298192264792689,671067.401615413487889,36|NAM
Fraser Pacific Arctic Coast - NAM,Fraser Pacific Arctic Coast,NAM,52.000000000000000,90.400769681522192,664913.166041330667213,52|NAM
Great Basin - NAM,Great Basin,NAM,55.000000000000000,54.513036781722249,521495.876529327826574,55|NAM
Gulf Coast - NAM,Gulf Coast,NAM,56.000000000000000,43.915536988135607,464467.439256994635798,56|NAM
Gulf of Mexico North Atlantic Coast - NAM,Gulf of Mexico North Atlantic Coast,NAM,58.000000000000000,68.363624924020286,711651.869282991043292,58|NAM
Hudson Bay Coast - NAM,Hudson Bay Coast,NAM,63.000000000000000,227.492553061493169,1639382.897763519780710,63|NAM
Mackenzie - NAM,Mackenzie,NAM,81.000000000000000,301.091966706350661,1805892.486820571124554,81|NAM
Mississippi Missouri - NAM,Mississippi Missouri,NAM,90.000000000000000,351.645159289029891,3289922.318505275528878,90|NAM
North America Colorado - NAM,North America Colorado,NAM,97.000000000000000,65.196780116938143,646780.249291031504981,97|NAM
Northwest Territories - NAM,Northwest Territories,NAM,103.000000000000000,688.893716780571140,2967257.053187312092632,103|NAM
Northwestern United States - NAM,Northwestern United States,NAM,104.000000000000000,5.001264741008182,44964.904536016358179,104|NAM
Pacific and Arctic Coast - NAM,Pacific and Arctic Coast,NAM,109.000000000000000,339.631826458034539,1826035.925955005688593,109|NAM
Rio Grande Mexico Interior - NAM,Rio Grande Mexico Interior,NAM,122.000000000000000,33.171427971049937,343985.016673657286447,122|NAM
Saskatchewan Nelson - NAM,Saskatchewan Nelson,NAM,126.000000000000000,143.523380425815617,1110630.523892094613984,126|NAM
Siberia West Coast - NAM,Siberia West Coast,NAM,132.000000000000000,0.280137249394989,2123.638195544133850,132|NAM
St. Lawrence - NAM,St. Lawrence,NAM,142.000000000000000,151.033246000236488,1288105.389792510308325,142|NAM
United States North Atlantic Coast - NAM,United States North Atlantic Coast,NAM,153.000000000000000,42.723910344411593,394964.457059372682124,153|NAM
Australia East Coast - PAO,Australia East Coast,PAO,18.000000000000000,62.265906256790494,673854.478830054169521,18|PAO
Australia Interior - PAO,Australia Interior,PAO,19.000000000000000,295.086247148117650,3293619.406743520870805,19|PAO
Australia North Coast - PAO,Australia North Coast,PAO,20.000000000000000,108.418249279836374,1279972.367793751647696,20|PAO
Australia South Coast - PAO,Australia South Coast,PAO,21.000000000000000,45.744541653698903,479722.112560549343470,21|PAO
Australia West Coast - PAO,Australia West Coast,PAO,22.000000000000000,75.839530734078977,833937.790836706291884,22|PAO
Japan - PAO,Japan,PAO,71.000000000000000,38.047274353345863,372329.464848852425348,71|PAO
Murray Darling - PAO,Murray Darling,PAO,91.000000000000000,100.492634660186354,1054628.219488933216780,91|PAO
New Zealand - PAO,New Zealand,PAO,94.000000000000000,29.202882680693577,269075.463577611430082,94|PAO
Tasmania - PAO,Tasmania,PAO,149.000000000000000,7.422845236670526,68369.948979871784104,149|PAO
Bay of Bengal North East Coast - PAS,Bay of Bengal North East Coast,PAS,24.000000000000000,4.682251853332933,54082.068188584991731,24|PAS
Gulf of Thailand Coast Chao Phraya - PAS,Gulf of Thailand Coast Chao Phraya,PAS,59.000000000000000,16.331280563747871,193025.558721342706122,59|PAS
Irian Jaya Coast - PAS,Irian Jaya Coast,PAS,69.000000000000000,66.001118441772249,808375.684360008570366,69|PAS
Irrawaddy Salween Sittang - PAS,Irrawaddy Salween Sittang,PAS,70.000000000000000,49.827839754291730,570205.770178015576676,70|PAS
Java Timor - PAS,Java Timor,PAS,72.000000000000000,18.737427011099719,228450.784581086452818,72|PAS
Kalimantan North Borneo Coast - PAS,Kalimantan North Borneo Coast,PAS,73.000000000000000,60.127268225588701,739353.476733488030732,73|PAS
Mekong - PAS,Mekong,PAS,88.000000000000000,17.780186988703306,209514.666525865788572,88|PAS
North and South Korea Bo Hai Korean Bay North Coast - PAS,North and South Korea Bo Hai Korean Bay North Coast,PAS,98.000000000000000,10.024390471006885,99821.555777075613150,98|PAS
Palau East Indonesia - PAS,Palau East Indonesia,PAS,110.000000000000000,5.159872558003873,63410.598216175130801,110|PAS
Papua New Guinea Coast - PAS,Papua New Guinea Coast,PAS,112.000000000000000,4.457176393987877,54590.543335398797353,112|PAS
Peninsula Malaysia - PAS,Peninsula Malaysia,PAS,114.000000000000000,23.561498263515627,286680.344908480183221,114|PAS
Philippines - PAS,Philippines,PAS,117.000000000000000,24.510471112017179,294935.520067751174793,117|PAS
Solomon Islands - PAS,Solomon Islands,PAS,133.000000000000000,2.999314697019439,36542.971341300013592,133|PAS
South Pacific Islands - PAS,South Pacific Islands,PAS,140.000000000000000,4.262596323276906,49768.692118861014023,140|PAS
Sulawesi - PAS,Sulawesi,PAS,143.000000000000000,15.519066942107912,190784.023565853567561,143|PAS
Sumatra - PAS,Sumatra,PAS,144.000000000000000,38.392485386977647,471998.845610955788288,144|PAS
Taiwan - PAS,Taiwan,PAS,147.000000000000000,3.210938585805416,36252.118664896202972,147|PAS
Amur - RCPA,Amur,RCPA,11.000000000000000,30.195631982147766,251372.325097874709172,11|RCPA
Gobi Interior - RCPA,Gobi Interior,RCPA,54.000000000000000,113.072197782051191,976075.059870249475352,54|RCPA
Gulf of Thailand Coast Chao Phraya - RCPA,Gulf of Thailand Coast Chao Phraya,RCPA,59.000000000000000,3.351612549669000,40579.350428998739517,59|RCPA
Hong Red River Xun Jiang South China Sea Coast - RCPA,Hong Red River Xun Jiang South China Sea Coast,RCPA,61.000000000000000,9.379967847247480,107416.711962196219247,61|RCPA
Mekong - RCPA,Mekong,RCPA,88.000000000000000,33.694743137587842,398868.392381574609317,88|RCPA
North and South Korea Bo Hai Korean Bay North Coast - RCPA,North and South Korea Bo Hai Korean Bay North Coast,RCPA,98.000000000000000,11.099145075490723,105478.349866916920291,98|RCPA
Ob - RCPA,Ob,RCPA,105.000000000000000,1.332356268112036,11283.483212797063970,105|RCPA
Russia South East Coast - RCPA,Russia South East Coast,RCPA,123.000000000000000,1.859557958407876,17123.598447568747360,123|RCPA
Vietnam Coast - RCPA,Vietnam Coast,RCPA,156.000000000000000,16.232335815085708,192503.280435158230830,156|RCPA
Yenisey - RCPA,Yenisey,RCPA,160.000000000000000,40.243048540126324,327631.524937413632870,160|RCPA
Amu Darya - SAS,Amu Darya,SAS,10.000000000000000,16.751898553072152,166771.464109162654495,10|SAS
Andaman Nicobar Islands - SAS,Andaman Nicobar Islands,SAS,12.000000000000000,0.611597628153476,7382.908778365886064,12|SAS
Arabian Sea Coast - SAS,Arabian Sea Coast,SAS,15.000000000000000,3.138684368309237,34848.138191333739087,15|SAS
Bay of Bengal North East Coast - SAS,Bay of Bengal North East Coast,SAS,24.000000000000000,3.569228469270275,40602.964062404884316,24|SAS
Caspian Sea East Coast - SAS,Caspian Sea East Coast,SAS,30.000000000000000,7.645296728597311,77637.225624893428176,30|SAS
Farahud Hamun-i-Mashkel Helmand - SAS,Farahud Hamun-i-Mashkel Helmand,SAS,50.000000000000000,42.999246276314544,454070.059092185751069,50|SAS
Ganges Bramaputra - SAS,Ganges Bramaputra,SAS,53.000000000000000,114.574660805014474,1265290.398269949480891,53|SAS
India East Coast Pennar Mahandi Krishna Cauvery Brahamini Yasai - SAS,India East Coast Pennar Mahandi Krishna Cauvery Brahamini Yasai,SAS,65.000000000000000,106.088175287642926,1240066.349423666484654,65|SAS
India West Coast Tapti Narmada Mahi - SAS,India West Coast Tapti Narmada Mahi,SAS,66.000000000000000,27.194386419725369,315036.962117314571515,66|SAS
Indus - SAS,Indus,SAS,67.000000000000000,73.634802422221398,768352.734831368550658,67|SAS
Irrawaddy Salween Sittang - SAS,Irrawaddy Salween Sittang,SAS,70.000000000000000,1.565075925711981,17491.903461512200010,70|SAS
Persian Gulf Coast - SAS,Persian Gulf Coast,SAS,115.000000000000000,7.345039821962738,81273.280738668094273,115|SAS
Sabarmati - SAS,Sabarmati,SAS,124.000000000000000,47.438932457740918,525238.825292609515600,124|SAS
Sri Lanka - SAS,Sri Lanka,SAS,141.000000000000000,5.399827375600596,65886.881826475015259,141|SAS
Tarim Interior - SAS,Tarim Interior,SAS,148.000000000000000,0.212744215831223,2118.013419648928448,148|SAS
Adriatic Sea Greece Black Sea Coast - WEU,Adriatic Sea Greece Black Sea Coast,WEU,0.000000000000000,16.602535951736741,158496.723886438325280,0|WEU
Africa North West Coast - WEU,Africa North West Coast,WEU,4.000000000000000,0.772579756796993,8357.748718836144690,4|WEU
Arctic Ocean Islands - WEU,Arctic Ocean Islands,WEU,16.000000000000000,657.836338923363542,2148130.212618791963905,16|WEU
Black Sea South Coast - WEU,Black Sea South Coast,WEU,26.000000000000000,33.524089571662536,318478.028610578505322,26|WEU
Caspian Sea South West Coast - WEU,Caspian Sea South West Coast,WEU,31.000000000000000,3.120157856849799,29506.316205280476424,31|WEU
Danube - WEU,Danube,WEU,39.000000000000000,16.754109860666297,139167.596216365695000,39|WEU
Denmark Germany Coast - WEU,Denmark Germany Coast,WEU,41.000000000000000,10.465544706724662,74244.066786135954317,41|WEU
Douro Guadalquivir Tagus Guadiana Spain Portugal Atlantic Coast - WEU,Douro Guadalquivir Tagus Guadiana Spain Portugal Atlantic Coast,WEU,45.000000000000000,42.399393713769868,400725.215368285484146,45|WEU
Ebro Spain France South Coast Rhone - WEU,Ebro Spain France South Coast Rhone,WEU,47.000000000000000,34.013317774287870,310081.867113216372672,47|WEU
Elbe Ems Gironde Loire Maas Rhine Scheldt Seine France West Coast - WEU,Elbe Ems Gironde Loire Maas Rhine Scheldt Seine France West Coast,WEU,48.000000000000000,96.285853629538579,783670.905274236691184,48|WEU
England Wales Scotland - WEU,England Wales Scotland,WEU,49.000000000000000,31.515989357900203,229392.173897566070082,49|WEU
Finland Neva - WEU,Finland Neva,WEU,51.000000000000000,52.765180476581904,289747.214957131829578,51|WEU
Iceland - WEU,Iceland,WEU,64.000000000000000,19.362127261620572,101871.903033484704792,64|WEU
Ireland - WEU,Ireland,WEU,68.000000000000000,11.400366118469977,84328.969168328738306,68|WEU
Mediterranean Sea East Coast - WEU,Mediterranean Sea East Coast,WEU,85.000000000000000,23.180504996784194,226174.475025326624746,85|WEU
Mediterranean Sea Islands - WEU,Mediterranean Sea Islands,WEU,86.000000000000000,6.679176136551111,63898.674676525406539,86|WEU
Oder Wisla Neman Daugava Neva Poland Baltic Coast - WEU,Oder Wisla Neman Daugava Neva Poland Baltic Coast,WEU,106.000000000000000,0.758740232113975,5736.804760246722253,106|WEU
Po Italy East Coast - WEU,Po Italy East Coast,WEU,119.000000000000000,18.814651406075431,166467.625838251231471,119|WEU
Scandinavia North Coast - WEU,Scandinavia North Coast,WEU,127.000000000000000,64.143921239700589,337093.248785287432838,127|WEU
Scotland - WEU,Scotland,WEU,128.000000000000000,0.225422729512069,1385.170024937485778,128|WEU
Sweden - WEU,Sweden,WEU,145.000000000000000,84.699775599280201,478577.106430912914220,145|WEU
Tiber Italy West Coast - WEU,Tiber Italy West Coast,WEU,150.000000000000000,9.348377359549648,86241.060069687388022,150|WEU
Tigris Euphrates - WEU,Tigris Euphrates,WEU,151.000000000000000,19.815583041053088,192100.938291249767644,151|WEU
